{"cameraMode":{"drawMode":3,"name":"Shadow Cascades","section":"Miscellaneous"},"sceneLighting":true,"audioPlay":false,"sceneViewState":{"showFog":false,"showMaterialUpdate":false,"showSkybox":false,"showFlares":false,"showImageEffects":false,"showParticleSystems":false},"in2DMode":false,"pivot":{"x":61.08998107910156,"y":-87.88455963134766,"z":-85.11018371582031},"rotation":{"x":-0.015104097314178944,"y":0.9350460767745972,"z":-0.35195496678352358,"w":-0.04012734815478325},"size":96.96084594726563,"orthographic":false}