{"cameraMode":{"drawMode":0,"name":"Shaded","section":"Shading Mode"},"sceneLighting":true,"audioPlay":false,"sceneViewState":{"showFog":true,"showMaterialUpdate":false,"showSkybox":true,"showFlares":true,"showImageEffects":true,"showParticleSystems":true},"in2DMode":false,"pivot":{"x":33.994876861572269,"y":29.107421875,"z":-27.568145751953126},"rotation":{"x":0.01864347979426384,"y":-0.6912283897399902,"z":0.7222040295600891,"w":0.017818504944443704},"size":4.423337936401367,"orthographic":true}