{"cameraMode":{"drawMode":0,"name":"Shaded","section":"Shading Mode"},"sceneLighting":true,"audioPlay":false,"sceneViewState":{"showFog":true,"showMaterialUpdate":false,"showSkybox":true,"showFlares":true,"showImageEffects":true,"showParticleSystems":true},"in2DMode":false,"pivot":{"x":73.43026733398438,"y":11.967243194580079,"z":-10.185400009155274},"rotation":{"x":0.3811897933483124,"y":0.011726020835340023,"z":-0.005117721855640411,"w":0.9247118234634399},"size":26.773908615112306,"orthographic":true}